Model,RMSE,R2
KNN,12.942665667463,0.748154152038417
XGBoost,13.12915828478503,0.7408441013416637
Random Forest,13.87478503574024,0.7105724579590922
Polynomial Regression,14.788646090723036,0.6711906476755516
Decision Tree,16.717663377524033,0.5798169954795386
Linear Regression,17.23824352130631,0.5532409558294633
