Model,RMSE,R2
XGBoost,10.25914626729167,0.8417623686774878
Random Forest,11.561017210836113,0.7990539723754608
Decision Tree,11.787811001919168,0.7910926798717897
KNN,11.923202555950125,0.7862662164200547
Polynomial Regression,14.788646090725917,0.6711906476754235
Linear Regression,17.238243521306256,0.5532409558294662
