Model,RMSE,R2
XGBoost,12.017877791324311,0.7828584684517472
KNN,13.371647353796826,0.7311827344917421
Random Forest,14.222255170055114,0.695894508601529
Decision Tree,16.680740902413934,0.5816709703947406
Polynomial Regression,17.986091056057607,0.5136365781116121
Linear Regression,20.807862707963658,0.34905802501552585
