,count,mean,std,min,25%,50%,75%,max
paper_writing,5373.0,586248.4289968361,2472254.8431024468,0.0,2956.0,26700.0,237800.0,28173267.0
paper_all,4979.0,2187939.7439244827,9787037.33898424,0.0,8780.0,92219.0,804950.0,142337696.0
GDPperCapita,5373.0,13159.810092670537,17802.520197566693,170.233436728781,1774.63585203672,5175.19865185825,17980.7298238137,167187.15730982
GDPgrowth,5365.0,3.535895418848381,5.9937775914186595,-51.03086495,1.41382645223793,3.6880320602952,5.90000000312092,149.972963487965
internetUsers,5373.0,31.78945002130672,32.39905436066132,0.0,1.86,18.9,61.1583,100.0
urbanpop,5373.0,20412950.217755444,64241165.9578058,4344.0,1263587.0,4262417.0,14315364.0,928439823.0
population,5373.0,39241499.42583287,140289424.30327627,9544.0,2392978.0,8472313.0,27154515.0,1425423212.0
Manushare,4810.0,12.560310681094455,6.382611137818347,0.330542263917728,7.872409237513515,12.254415604452099,16.681687107092174,44.9803977869361
trade,4739.0,85.00773440644336,53.00322197223943,9.95514507626151,51.460350936052606,73.1178570509129,102.45024098632999,442.620019127299
